Wall time,Step,Value
1586038966.8553724,358,0.4446370303630829
1586039387.299055,715,0.5008079409599304
1586039809.3418565,1072,0.5203632116317749
1586040229.622637,1429,0.5412474274635315
1586040649.4279716,1786,0.5340462923049927
1586041063.7618446,2143,0.5610461235046387
1586041479.8195915,2500,0.5829008221626282
1586041897.551109,2857,0.5880300402641296
1586042314.7693663,3214,0.6075987219810486
1586042731.4951084,3571,0.617546021938324
1586043145.7548149,3928,0.582968533039093
1586043559.843832,4285,0.6137716770172119
1586043973.2441416,4642,0.6415460705757141
1586044390.4261901,4999,0.6274288296699524
1586044801.4655578,5356,0.6185238361358643
1586045216.1596267,5713,0.6484917998313904
1586045632.3089168,6070,0.6459071040153503
1586046045.6663535,6427,0.5897265672683716
1586046456.6693182,6784,0.6550542712211609
1586046873.3210447,7141,0.6451467871665955
1586047287.5056548,7498,0.6545118689537048
1586047700.913649,7855,0.6354422569274902
1586048111.8720698,8212,0.6409040093421936
1586048526.595582,8569,0.6409072875976562
1586048940.9213192,8926,0.6452394723892212
1586049354.4589908,9283,0.6100754737854004
1586049765.526655,9640,0.6306030750274658
1586050180.247623,9997,0.6179335117340088
1586050594.498275,10354,0.6249552369117737
